{"cameraMode":{"drawMode":0,"name":"Shaded","section":"Shading Mode"},"sceneLighting":true,"audioPlay":false,"sceneViewState":{"m_AlwaysRefresh":false,"showFog":true,"showSkybox":true,"showFlares":true,"showImageEffects":true,"showParticleSystems":true,"showVisualEffectGraphs":true,"m_FxEnabled":true},"in2DMode":false,"pivot":{"x":6.211248874664307,"y":1.9175889492034913,"z":-3.7671523094177248},"rotation":{"x":0.10277003794908524,"y":0.6979665160179138,"z":-0.10227489471435547,"w":0.7013198733329773},"size":6.942131996154785,"orthographic":true}