{"cameraMode":{"drawMode":0,"name":"Shaded","section":"Shading Mode"},"sceneLighting":true,"audioPlay":false,"sceneViewState":{"m_AlwaysRefresh":false,"showFog":true,"showSkybox":true,"showFlares":true,"showImageEffects":true,"showParticleSystems":true,"showVisualEffectGraphs":true,"m_FxEnabled":true},"in2DMode":false,"pivot":{"x":12.072491645812989,"y":0.24101686477661134,"z":-1.1938228607177735},"rotation":{"x":0.04266341030597687,"y":0.9532895088195801,"z":-0.16167664527893067,"w":0.2515551745891571},"size":7.972712993621826,"orthographic":false}